,DILO FACIL CONTROLADO,DILO PRACTICO CONTROLADO,DILO AUDAZ CONTROLADO,DILO SEGURO CONTROLADO,DILO FUERTE CONTROLADO,DILO SIEMPRE CONTROLADO,DILO TODO CONTROLADO

iPhone 5s 16 GB,$ 8899,$ 8699,$ 8399,$ 7899,$ 6999,$ 5799,$ 4999
iPhone 5s 32 GB,$ 12099,$ 11349,$ 11099,$ 10249,$ 9449,$ 8399,$ 8099
iPhone 5s 64 GB,$ 13699,$ 12999,$ 12699,$ 11849,$ 11049,$ 9949,$ 9699
Huawei Y320,$ 1499,$ 1199,$ 799,INCLUIDO,INCLUIDO,INCLUIDO,INCLUIDO
Alcatel Pop C5,$ 1899,$ 1699,$ 1299,INCLUIDO,INCLUIDO,INCLUIDO,INCLUIDO
Moto G Forte,$ 2699,$ 2199,$ 1999,$ 949,$ 199,INCLUIDO,INCLUIDO
Huawei Y530,$ 2299,$ 1499,$ 1499,$ 399,INCLUIDO,INCLUIDO,INCLUIDO
Samsung Galaxy Grand Neo,$ 3799,$ 3099,$ 2799,$ 1999,$ 1199,INCLUIDO,INCLUIDO
Alcatel Pop C7,$ 2049,$ 1349,$ 1049,$ 199,INCLUIDO,INCLUIDO,INCLUIDO
Huawei G730,$ 2499,$ 1999,$ 1799,$ 749,INCLUIDO,INCLUIDO,INCLUIDO
iPhone 4s 8 GB,$ 5499,$ 4799,$ 4399,$ 3449,$ 2699,INCLUIDO,INCLUIDO
LG G Pro Lite,$ 5249,$ 4549,$ 4249,$ 3299,$ 2949,INCLUIDO,INCLUIDO
iPhone 5c 8 GB,$ 6529,$ 6109,$ 5689,$ 4949,$ 4019,$ 2289,$ 889
LG G2 mini,$ 6049,$ 5349,$ 5049,$ 4099,$ 3749,INCLUIDO,INCLUIDO
LG L70,$ 4049,$ 3349,$ 3049,$ 2099,$ 1749,INCLUIDO,INCLUIDO
ZTE Blade G Plus,$ 1499,$ 1249,$ 499,INCLUIDO,INCLUIDO,INCLUIDO,INCLUIDO
ZTE Blade L2,$ 2399,$ 1599,$ 1599,$ 499,INCLUIDO,INCLUIDO,INCLUIDO
Alcatel Idol Alpha,$ 3549,$ 2849,$ 2549,$ 1699,$ 949,INCLUIDO,INCLUIDO
Motorola Moto E,$ 2199,$ 1399,$ 999,INCLUIDO,INCLUIDO,INCLUIDO,INCLUIDO
IQ 180,$ 2199,$ 1999,$ 1799,$ 1499,$ 1099,$ 199,INCLUIDO
Huawei G630,$ 2699,$ 2199,$ 1999,$ 949,INCLUIDO,INCLUIDO,INCLUIDO
Samsung Galaxy S5,$ 9499,$ 9199,$ 8899,$ 8399,$ 7799,$ 6699,$ 5999
Alcatel Pop 8,$799
LG G3,$ 9699,$ 9299,$ 8799,$ 8099,$ 7599,$ 7199,$ 5699
Motorola Moto G2,$ 3199,$ 2699,$ 2499,$ 1499,$ 799,INCLUIDO,INCLUIDO
Motorola G Ferrari,$ 3799,$ 3299,$ 3099,$ 2049,$ 1299,$ 1099,INCLUIDO
Alcatel Idol 2 mini,$ 2599,$ 1899,$ 1599,$ 749,INCLUIDO,INCLUIDO,INCLUIDO
iPhone 6 16GB,$ 11599,$ 11399,$ 10799,$ 9799,$ 9599,$ 7999,$ 7099
iPhone 6 64GB,$ 13699,$ 13399,$ 12699,$ 12199,$ 10799,$ 9799,$ 9199
iPhone 6 128GB,$ 15399,$ 15199,$ 14599,$ 13599,$ 12699,$ 11899,$ 11899
iPhone 6 Plus 16GB,$ 13699,$ 13399,$ 12699,$ 12199,$ 10799,$ 9799,$ 9199
iPhone 6 Plus 64GB,$ 15399,$ 15199,$ 14599,$ 13599,$ 12699,$ 11899,$ 11899
iPhone 6 Plus 128GB,$ 17399,$ 16999,$ 16399,$ 15699,$ 14699,$ 13399,$ 13499
LG L80 Plus Bello,$ 3099,$ 2999,$ 2899,$ 2699,$ 2399,$ 1899,$ 1699
Samsung Galaxy Grand Neo Plus,$ 2899,$ 2799,$ 2599,$ 2499,$ 1899,INCLUIDO,INCLUIDO
LG L70 Plus Fino,$ 2699,$ 2599,$ 2499,$ 2299,$ 2099,$ 1599,$ 1299
Huawei Y520,$ 1099,$ 999,$ 899,$ 699,$ 399,INCLUIDO,INCLUIDO
Samsung Galaxy Ace 4,$ 1199,$ 1099,$ 999,$ 799,$ 599,$ 199,INCLUIDO
ZTE Blade L3 Plus,$ 1799,$ 1699,$ 1599,$ 1399,$ 1099,$ 599,$ 399
Samsung Galaxy S6 32GB,$ 11099,$ 10899,$ 10599,$ 10199,$ 9699,$ 8699,$ 8099
Samsung Galaxy S6 Edge 32GB,$ 13199,$ 12999,$ 12699,$ 12299,$ 11799,$ 10799,$ 10199
Samsung Galaxy S6 Edge 64GB,$ 14599,$ 14399,$ 14199,$ 13699,$ 13199,$ 12199,$ 11599
Samsung Galaxy E5,$ 3399,$ 3199,$ 2899,$ 2499,$ 1999,$ 999,$ 399
Huawei G7,$ 3399,$ 3099,$ 2899,$ 2499,$ 1999,$ 999,$ 399
